First Last,First,Last,Company,Domain
Joel Edwin Tiffany,Joel,Tiffany,Risas Dental and Braces - Alhambra,www.risasdental.com
Kayla Haiar,Kayla,Haiar,Summit Dental Health,www.summitdentalhealth.net
Thomas Watkins,Thomas,Watkins,W Dental Group,www.wdentalgroup.com
Stephen Mcdonnell,Stephen,Mcdonnell,Park Dental Minnetonka,www.parkdental.com
Dean Mourselas,Dean,Mourselas,Naples Dental Center,www.naplesdentalcenter.com
Ted Mioduski,Ted,Mioduski,"Ted E. Mioduski, Jr., D.D.S., P.C",www.implantdds.com
Sarah Treff,Sarah,Treff,"Seaport Dental Associates, Llc",www.seaportdental.com
Abida Hasnain,Abida,Hasnain,Dr Dental,www.mydrdental.com
Stephen Davis,Stephen,Davis,Cheyenne Mountain Dental Group,www.cheyennemountaindental.net
Travis Rust,Travis,Rust,Risas Dental and Braces - Alhambra,www.risasdental.com
Charles Sakai,Charles,Sakai,"Dr. Charles Sakai, DMD",www.drchsakai.com
Todd Lawson,Todd,Lawson,Smiles of Bellevue,www.smilesofbellevue.com
James Stephens,James,Stephens,"Stephens Dentistry, Ltd",www.stephensdentistry.com
Kenneth Fordham,Kenneth,Fordham,Chester Springs Family Dentistry,www.chesterspringsfamilydentistry.com
Richard Defurio,Richard,Defurio,Southwest Dental Group,www.sw-dental.com
Bret Shupack,Bret,Shupack,Alki Dental,www.alkidental.com
Tidu Mankoo,Tidu,Mankoo,Windsor Centre for Advanced Dentistry,www.advanceddentistry.co.uk
Vaishali Bhavsar,Vaishali,Bhavsar,Precious Dental Care,www.preciousdental.com
Stephen Hovda,Stephen,Hovda,Park Dental Minnetonka,www.parkdental.com
Lauren Steddum,,,CarolinasDentist.com,www.carolinasdentist.com
