First Last,First,Last,Company,Domain
David White,David,White,David M White Dds Ltd,www.davidwhitedds.com
Megan Keel,Megan,Keel,Dentologie,www.dentologie.com
Naghmeh Pashmini,Naghmeh,Pashmini,Old Town Dental Partners,www.novadentalpartners.com
Donald Robbins,Donald,Robbins,"Donald Robbins, DMD, LLC",www.donaldrobbinsdmd.com
Assal Assadi Moghadam,Assal,Moghadam,Optimal Dental Center,www.optimaldentalcenter.com
Margo Yester,Margo,Yester,"Comfort Dental Of Anderson, P.C",www.comfortdentalofanderson.com
Ryan Ross,Ryan,Ross,Grand Avenue Dental Care,www.drpeterwilk.com
Melanie Marshall,Melanie,Marshall,BLVD Dentistry,www.blvddentistry.com
Jay Robertson,Jay,Robertson,Montgomery Dentistry,www.montgomerydentistry.com
Laura Dyras,Laura,Dyras,"Dyras Dental, Pllc",www.dyrasdental.com
Lisa Le,Lisa,Le,"Streamline Dental Solutions, Llc",www.dentistoflasvegasnv.com
Doug Clark,Doug,Clark,"H. Douglas Clark, Jr., D.D.S",www.hillavenuedental.com
Robert Tart,Robert,Tart,Midlothian Dental Center,www.midlothiandentalcenter.com
Lida Raoufi,Lida,Raoufi,American Family Dentistry,www.dentistryofarizona.com
Robert Mcwhorter,Robert,Mcwhorter,Dentistry For Kids,www.dfkonline.com
Pelin Darendeliler,Pelin,Darendeliler,Total Health Dental Care,www.totalhealthdentalcare.com
Phyllis Cook,Phyllis,Cook,"Phyllis B. Cook, DDS, MPH, PA",www.phylliscook.com
Rob Cohen,Rob,Cohen,Southport Smiles Pc,www.southportsmiles.com
Alyssa Takeda,Alyssa,Takeda,"Kaz Uyesugi, Dds, Inc",www.sanjose-dentists.com
Eric Resh,,,Resh Family Dentistry,www.reshdentistry.com
