First Last,First,Last,Company,Domain
Cristian Löfvall,Cristian,Löfvall,"Dentists Of Hinsdale Lake, Ltd",www.dentistsofhinsdalelake.com
Mehdi Vandi,Mehdi,Vandi,"Mehi M. Vandi, D.D.S., Inc",www.drvandi.com
Adam Middleton,Adam,Middleton,Autumn Ridge Dental,www.autumnridgedental.com
Sangeet Kalkat,Sangeet,Kalkat,"Carus Dental, P.C.",www.carusdental.com
Steven Truong,Steven,Truong,Smile Magic,www.smilemagicdentists.com
Mary Youssef,Mary,Youssef,Simply Beautiful Smiles,www.888smile10.com
Sadaf Alam Dds,Sadaf,Dds,Riccobene Associates Family Dentistry,www.brushandfloss.com
Holly Thompson,Holly,Thompson,"Summit Dental Partners, Llc",www.summitdentalpartners.com
Alice Yang,Alice,Yang,Complete Dental,www.mycompletedental.com
Robert Lee,Robert,Lee,Lee Dental Centers,www.leedentalcenters.com
Joe Lecompte,Joe,Lecompte,LeCompte Orthodontics,www.lecompteorthodontics.com
Gill Yates,Gill,Yates,"Dunning Dental Practice, Inc",www.dunningdentalcare.co.uk
Stephanie Curley,Stephanie,Curley,Ideal Dentistry,www.idealdentistry.com
Priyanka Assudani,Priyanka,Assudani,"East Erie Dental, Ltd",www.sechicagodentistry.com
Terry Victor,Terry,Victor,The DC Dentist,www.thedcdentist.com
Diana Whittaker,Diana,Whittaker,"Steven F. Shwedel, Dds, Pc",www.shwedeldental.com
Yumee Yang,Yumee,Yang,East Islip Dental Care,www.eastislipdentalcare.com
Carol Ann Karafotias,Carol,Karafotias,"Comprehensive Dentistry, Ltd",www.comprehensivedentistry.com
Dr Stacey Eby,Dr,Eby,Eby Family Dental,www.ebyfamilydental.com
Ensley Kevin,,,"Ensley Orthodontics, P.C",www.ensleyortho.com
